{
    "best_model_name": "Random Forest",
    "best_test_mse": 0.2034,
    "best_test_r2": 0.1536,
    "feature_names": [
        "ph",
        "Hardness",
        "Solids",
        "Chloramines",
        "Sulfate",
        "Conductivity",
        "Organic_carbon",
        "Trihalomethanes",
        "Turbidity"
    ],
    "model_performance": {
        "Linear Regression": {
            "train_mse": 0.2399450413835115,
            "test_mse": 0.23998945446374936,
            "train_r2": 0.002478005661691096,
            "test_r2": 0.0012799102684948327
        },
        "Decision Tree": {
            "train_mse": 0.15209373743431712,
            "test_mse": 0.24769044545770388,
            "train_r2": 0.36770167277867005,
            "test_r2": -0.030767891305492734
        },
        "Random Forest": {
            "train_mse": 0.12842735638244904,
            "test_mse": 0.2033962588707533,
            "train_r2": 0.46608976819213954,
            "test_r2": 0.1535630998272257
        }
    },
    "dataset_shape": [
        2005,
        10
    ],
    "standardization_used": false,
    "linear_regression_coefficients": [
        0.0030039969636140263,
        -0.004903274311037455,
        0.010888981936717059,
        0.013968370679739422,
        -0.0013522468007970783,
        -0.013789777451521271,
        -0.0002586264181000319,
        0.0029476653142979123,
        0.007752699831042699
    ],
    "linear_regression_intercept": 0.4027431421446384
}